Extraversion,Agreeableness,Conscientiousness,Neuroticism,Openness,Course
3.533239038,3.04840484,3.03630363,3.106435644,3.087128713,CS
3.714285714,2.759259259,3.018518519,3.041666667,3.183333333,DS
3.571428571,3.222222222,2.833333333,2.78125,3.2,EMC
3.714285714,3.277777778,3.222222222,3.09375,3.125,EMCG
3.441729323,3.102826511,3.07797271,3.11622807,3.113157895,IT